id,first_name,last_name,email,gender,artist_ids,friends
1,Urbanus,Papez,upapez0@1688.com,Male,"[{},{},{},{},{},{},{}]","[{},{},{},{},{},{},{},{},{},{},{},{},{},{},{},{},{},{},{},{},{},{},{},{},{}]"
2,Preston,Ianizzi,pianizzi1@seattletimes.com,Male,"[{},{},{},{},{},{},{},{}]","[{},{},{},{},{},{},{},{},{},{},{},{},{},{},{},{},{},{},{},{},{},{},{},{},{},{},{},{},{},{},{},{},{},{}]"
3,Merrili,Addie,maddie2@bandcamp.com,Female,"[{},{},{},{},{}]","[{},{},{},{},{},{},{},{},{},{},{},{},{},{},{},{},{},{},{},{},{},{},{},{},{},{},{}]"
4,Marchelle,Insull,minsull3@list-manage.com,Female,"[{},{},{},{},{},{},{},{},{},{}]","[{},{},{},{},{},{},{},{},{},{},{},{},{},{},{},{},{},{},{},{},{},{},{},{},{},{},{},{},{},{},{},{},{},{},{},{},{},{},{}]"
5,Faina,Kilrow,fkilrow4@yale.edu,Female,"[{},{},{},{},{},{},{},{}]","[{},{},{},{},{},{},{},{},{},{},{},{},{},{},{},{},{},{},{},{},{},{},{},{},{},{},{}]"
6,Mallory,Stanyforth,mstanyforth5@skyrock.com,Polygender,"[{},{},{},{},{},{}]","[{},{},{},{},{},{},{},{},{},{},{},{},{},{},{},{},{},{},{},{},{},{},{},{},{},{},{},{},{},{},{},{},{},{},{},{},{},{},{},{}]"
7,Patton,Portinari,pportinari6@flickr.com,Male,"[{},{},{},{},{}]","[{},{},{},{},{},{},{},{},{},{},{},{},{},{},{},{},{},{},{},{},{},{},{},{}]"
8,Dani,Leebeter,dleebeter7@timesonline.co.uk,Female,"[{},{},{},{},{},{},{},{},{}]","[{},{},{},{},{},{},{},{},{},{},{},{},{},{},{},{},{},{},{},{},{},{}]"
9,Elianora,Ebbs,eebbs8@china.com.cn,Genderqueer,"[{},{},{}]","[{},{},{},{},{},{},{},{},{},{},{},{},{},{},{},{},{},{},{},{},{},{},{},{},{},{},{},{},{},{},{},{}]"
10,Guillermo,Dyos,gdyos9@deliciousdays.com,Agender,"[{},{},{},{},{}]","[{},{},{},{},{},{},{},{},{},{},{},{},{},{},{},{},{},{},{},{},{},{},{},{},{},{},{},{}]"
11,Dorri,Geleman,dgelemana@alexa.com,Female,"[{},{},{},{},{},{},{},{}]","[{},{},{},{},{},{},{},{},{},{},{},{},{},{},{},{},{},{},{},{},{},{},{},{},{},{},{},{},{},{},{},{},{},{}]"
12,Etta,Leyman,eleymanb@163.com,Female,"[{},{},{},{},{},{},{}]","[{},{},{},{},{},{},{},{},{},{},{},{},{},{},{},{},{},{},{},{},{},{},{},{},{},{},{}]"
13,Weidar,Bagster,wbagsterc@sakura.ne.jp,Male,"[{},{},{},{},{},{},{},{}]","[{},{},{},{},{},{},{},{},{},{},{},{},{},{},{},{},{},{},{},{},{},{}]"
14,Madelina,Turner,mturnerd@tmall.com,Female,"[{},{},{},{},{},{},{},{}]","[{},{},{},{},{},{},{},{},{},{},{},{},{},{},{},{},{},{},{},{},{},{}]"
15,Martguerita,MacCauley,mmaccauleye@businesswire.com,Female,"[{},{},{},{},{},{},{},{}]","[{},{},{},{},{},{},{},{},{},{},{},{},{},{},{},{},{},{},{},{},{},{},{},{},{},{},{},{},{},{},{},{},{},{},{},{},{},{},{},{}]"
16,Nollie,Dartan,ndartanf@ebay.co.uk,Female,"[{},{},{},{}]","[{},{},{},{},{},{},{},{},{},{},{},{},{},{},{},{},{},{},{},{},{},{},{},{},{},{},{},{},{},{},{},{},{},{},{},{},{},{},{},{}]"
17,Auria,Flohard,aflohardg@amazon.com,Female,"[{},{},{},{},{},{},{},{},{}]","[{},{},{},{},{},{},{},{},{},{},{},{},{},{},{},{},{},{},{},{},{},{},{},{}]"
18,Corliss,Ridler,cridlerh@psu.edu,Female,"[{},{},{},{},{},{},{}]","[{},{},{},{},{},{},{},{},{},{},{},{},{},{},{},{},{},{},{},{},{},{},{},{},{},{},{},{},{}]"
19,Jo,Denyukhin,jdenyukhini@moonfruit.com,Female,"[{},{},{},{},{}]","[{},{},{},{},{},{},{},{},{},{},{},{},{},{},{},{},{},{},{},{},{},{},{},{},{},{},{},{}]"
20,Oran,Sweeting,osweetingj@dion.ne.jp,Male,"[{},{},{},{},{},{},{},{},{}]","[{},{},{},{},{},{},{},{},{},{},{},{},{},{},{},{},{},{},{},{},{},{},{},{},{},{},{},{},{},{},{},{},{},{},{}]"
21,Fletch,Treven,ftrevenk@ameblo.jp,Male,"[{},{},{}]","[{},{},{},{},{},{},{},{},{},{},{},{},{},{},{},{},{},{},{},{},{},{},{},{},{},{},{},{},{},{},{},{},{},{},{}]"
22,Haven,Probin,hprobinl@redcross.org,Male,"[{},{},{}]","[{},{},{},{},{},{},{},{},{},{},{},{},{},{},{},{},{},{},{},{},{},{},{},{},{},{},{},{},{},{},{},{},{},{}]"
23,Dolly,Treske,dtreskem@hao123.com,Female,"[{},{},{},{}]","[{},{},{},{},{},{},{},{},{},{},{},{},{},{},{},{},{},{},{},{},{},{},{},{},{},{},{},{},{},{},{},{},{},{},{},{},{}]"
24,Catlaina,Barkaway,cbarkawayn@t.co,Female,"[{},{},{},{},{},{},{}]","[{},{},{},{},{},{},{},{},{},{},{},{},{},{},{},{},{},{},{},{},{},{},{},{},{}]"
25,Bianca,Ceci,bcecio@google.com.au,Female,"[{},{},{},{},{},{}]","[{},{},{},{},{},{},{},{},{},{},{},{},{},{},{},{},{},{},{},{},{},{},{}]"
26,Xylia,Deppe,xdeppep@washington.edu,Female,"[{},{}]","[{},{},{},{},{},{},{},{},{},{},{},{},{},{},{},{},{},{},{},{},{},{},{},{},{}]"
27,Zollie,Sleeford,zsleefordq@ameblo.jp,Male,"[{},{},{},{},{},{},{},{},{},{}]","[{},{},{},{},{},{},{},{},{},{},{},{},{},{},{},{},{},{},{},{},{},{},{},{},{},{},{},{},{},{},{},{},{},{},{},{},{},{}]"
28,Yolanthe,Sexty,ysextyr@w3.org,Bigender,"[{},{},{},{},{}]","[{},{},{},{},{},{},{},{},{},{},{},{},{},{},{},{},{},{},{},{},{},{},{},{}]"
29,Iolande,Chooter,ichooters@house.gov,Female,"[{},{},{},{},{},{},{},{},{}]","[{},{},{},{},{},{},{},{},{},{},{},{},{},{},{},{},{},{},{},{},{},{},{},{},{},{},{},{},{},{}]"
30,Elijah,Glandfield,eglandfieldt@cmu.edu,Male,"[{},{},{},{},{},{},{}]","[{},{},{},{},{},{},{},{},{},{},{},{},{},{},{},{},{},{},{},{},{},{},{},{},{},{},{},{},{},{},{},{},{},{},{},{},{}]"
31,Lauritz,Melsom,lmelsomu@amazon.co.jp,Male,"[{},{}]","[{},{},{},{},{},{},{},{},{},{},{},{},{},{},{},{},{},{},{},{},{},{},{},{}]"
32,Annadiana,Fruchon,afruchonv@amazon.co.uk,Female,"[{},{},{},{}]","[{},{},{},{},{},{},{},{},{},{},{},{},{},{},{},{},{},{},{},{},{},{},{},{},{},{},{},{},{}]"
33,Damara,Rickerd,drickerdw@europa.eu,Female,"[{},{},{},{},{},{},{},{}]","[{},{},{},{},{},{},{},{},{},{},{},{},{},{},{},{},{},{},{},{},{},{},{},{},{},{},{},{},{},{},{},{},{},{},{},{}]"
34,Marrissa,Canland,mcanlandx@hugedomains.com,Agender,"[{},{},{},{},{},{},{},{},{}]","[{},{},{},{},{},{},{},{},{},{},{},{},{},{},{},{},{},{},{},{},{},{},{},{},{},{},{},{}]"
35,Urbanus,Dubois,uduboisy@google.fr,Male,"[{},{},{},{},{},{},{},{},{}]","[{},{},{},{},{},{},{},{},{},{},{},{},{},{},{},{},{},{},{},{},{},{}]"
36,Othilie,Mapstone,omapstonez@miitbeian.gov.cn,Female,"[{},{},{},{},{},{},{},{}]","[{},{},{},{},{},{},{},{},{},{},{},{},{},{},{},{},{},{},{},{},{},{},{},{},{},{},{},{},{}]"
37,Ethelind,Seabourne,eseabourne10@gov.uk,Female,"[{},{},{}]","[{},{},{},{},{},{},{},{},{},{},{},{},{},{},{},{},{},{},{},{},{},{},{},{},{},{},{},{},{},{},{},{}]"
38,Leanna,Dixson,ldixson11@fema.gov,Female,"[{},{}]","[{},{},{},{},{},{},{},{},{},{},{},{},{},{},{},{},{},{},{},{},{},{},{},{},{},{},{},{},{},{},{},{},{},{},{},{},{}]"
39,Mohammed,Cockrell,mcockrell12@flavors.me,Male,"[{},{},{},{},{},{},{},{},{}]","[{},{},{},{},{},{},{},{},{},{},{},{},{},{},{},{},{},{},{},{},{},{},{},{},{},{},{},{},{}]"
40,Leta,Kaysor,lkaysor13@redcross.org,Female,"[{},{},{},{},{},{},{},{},{}]","[{},{},{},{},{},{},{},{},{},{},{},{},{},{},{},{},{},{},{},{},{},{},{},{},{},{},{},{},{},{},{},{},{},{},{},{},{},{},{},{}]"
41,Lesli,Maudlen,lmaudlen14@bizjournals.com,Female,"[{},{},{},{},{},{}]","[{},{},{},{},{},{},{},{},{},{},{},{},{},{},{},{},{},{},{},{},{},{},{},{},{},{},{},{},{},{},{},{},{}]"
42,Maurita,Lamplugh,mlamplugh15@archive.org,Female,"[{},{},{},{},{},{},{}]","[{},{},{},{},{},{},{},{},{},{},{},{},{},{},{},{},{},{},{},{},{},{}]"
43,Corabella,Dancer,cdancer16@amazon.com,Female,"[{},{},{},{},{},{},{},{},{},{}]","[{},{},{},{},{},{},{},{},{},{},{},{},{},{},{},{},{},{},{},{},{},{},{},{},{},{}]"
44,Alfonse,Skeete,askeete17@w3.org,Male,"[{},{},{},{},{}]","[{},{},{},{},{},{},{},{},{},{},{},{},{},{},{},{},{},{},{},{},{},{},{},{},{},{},{},{}]"
45,Rafael,Petrelli,rpetrelli18@hatena.ne.jp,Male,"[{},{},{},{},{},{},{}]","[{},{},{},{},{},{},{},{},{},{},{},{},{},{},{},{},{},{},{},{},{},{},{},{},{},{}]"
46,Rolfe,Bryden,rbryden19@smugmug.com,Male,"[{},{},{},{},{}]","[{},{},{},{},{},{},{},{},{},{},{},{},{},{},{},{},{},{},{},{},{},{}]"
47,Nat,Iacoviello,niacoviello1a@clickbank.net,Female,"[{},{},{},{},{},{},{},{},{}]","[{},{},{},{},{},{},{},{},{},{},{},{},{},{},{},{},{},{},{},{},{},{},{},{}]"
48,Emmi,Worrall,eworrall1b@disqus.com,Female,"[{},{}]","[{},{},{},{},{},{},{},{},{},{},{},{},{},{},{},{},{},{},{},{},{},{},{},{},{},{},{},{},{}]"
49,Zaneta,O'Cridigan,zocridigan1c@wikimedia.org,Female,"[{},{},{},{},{},{},{}]","[{},{},{},{},{},{},{},{},{},{},{},{},{},{},{},{},{},{},{},{},{},{},{},{},{},{},{},{},{},{},{},{},{},{}]"
50,Shelley,Brock,sbrock1d@simplemachines.org,Male,"[{},{},{},{},{},{},{}]","[{},{},{},{},{},{},{},{},{},{},{},{},{},{},{},{},{},{},{},{},{},{},{},{},{},{},{},{},{},{},{},{},{},{},{}]"
51,Bobette,Teulier,bteulier1e@google.co.jp,Female,"[{},{},{}]","[{},{},{},{},{},{},{},{},{},{},{},{},{},{},{},{},{},{},{},{},{},{},{},{},{},{},{},{},{},{},{},{},{},{},{},{},{},{},{},{}]"
52,Shaun,Brabon,sbrabon1f@marketwatch.com,Female,"[{},{},{},{},{},{},{},{},{}]","[{},{},{},{},{},{},{},{},{},{},{},{},{},{},{},{},{},{},{},{},{},{},{},{},{},{},{},{},{},{},{},{},{},{},{},{},{},{},{},{}]"
53,Cherie,Renbold,crenbold1g@slashdot.org,Female,"[{},{},{},{},{},{}]","[{},{},{},{},{},{},{},{},{},{},{},{},{},{},{},{},{},{},{},{},{},{},{},{},{}]"
54,Roley,Seaward,rseaward1h@youtu.be,Male,"[{},{},{},{}]","[{},{},{},{},{},{},{},{},{},{},{},{},{},{},{},{},{},{},{},{},{},{},{},{},{},{},{},{},{},{},{},{},{},{},{},{},{},{},{}]"
55,Rogers,Toner,rtoner1i@tinypic.com,Male,"[{},{},{},{},{},{},{},{}]","[{},{},{},{},{},{},{},{},{},{},{},{},{},{},{},{},{},{},{},{},{},{},{},{},{},{},{},{},{},{},{},{},{},{},{},{},{}]"
56,Luciano,Jannasch,ljannasch1j@independent.co.uk,Male,"[{},{},{},{},{},{},{},{}]","[{},{},{},{},{},{},{},{},{},{},{},{},{},{},{},{},{},{},{},{},{},{},{},{},{},{},{},{},{}]"
57,Shanta,Gotthard.sf,sgotthardsf1k@dyndns.org,Female,"[{},{},{},{},{}]","[{},{},{},{},{},{},{},{},{},{},{},{},{},{},{},{},{},{},{},{},{},{},{},{},{},{},{},{},{},{},{},{},{},{},{},{}]"
58,Danny,McPhilemy,dmcphilemy1l@devhub.com,Non-binary,"[{},{}]","[{},{},{},{},{},{},{},{},{},{},{},{},{},{},{},{},{},{},{},{},{},{},{},{},{},{},{},{},{},{},{},{},{},{},{},{}]"
59,Cristal,Wynett,cwynett1m@imdb.com,Female,"[{},{},{},{},{},{},{}]","[{},{},{},{},{},{},{},{},{},{},{},{},{},{},{},{},{},{},{},{},{},{}]"
60,Ruthann,Meese,rmeese1n@etsy.com,Female,"[{},{},{},{},{},{}]","[{},{},{},{},{},{},{},{},{},{},{},{},{},{},{},{},{},{},{},{},{},{},{},{},{},{},{},{},{},{},{},{},{},{},{},{}]"
61,Lindie,Dillaway,ldillaway1o@java.com,Agender,"[{},{},{}]","[{},{},{},{},{},{},{},{},{},{},{},{},{},{},{},{},{},{},{},{},{},{},{},{},{},{},{},{},{},{},{},{}]"
62,Lucien,Burgane,lburgane1p@com.com,Male,"[{},{},{},{}]","[{},{},{},{},{},{},{},{},{},{},{},{},{},{},{},{},{},{},{},{},{},{},{},{},{},{},{},{},{},{}]"
63,Cullin,Gatland,cgatland1q@lulu.com,Male,"[{},{},{},{},{},{},{},{},{}]","[{},{},{},{},{},{},{},{},{},{},{},{},{},{},{},{},{},{},{},{},{},{},{},{}]"
64,Morty,Chadburn,mchadburn1r@wiley.com,Male,"[{},{},{},{},{},{},{},{}]","[{},{},{},{},{},{},{},{},{},{},{},{},{},{},{},{},{},{},{},{},{},{},{},{},{},{},{},{},{},{},{},{},{},{},{},{}]"
65,Andrea,Cicetti,acicetti1s@nih.gov,Female,"[{},{},{},{},{},{},{},{},{},{}]","[{},{},{},{},{},{},{},{},{},{},{},{},{},{},{},{},{},{},{},{},{},{},{},{},{},{},{},{},{},{},{},{},{},{},{},{},{},{},{},{}]"
66,Yankee,Ughelli,yughelli1t@samsung.com,Male,"[{},{},{},{},{},{},{},{}]","[{},{},{},{},{},{},{},{},{},{},{},{},{},{},{},{},{},{},{},{},{},{},{},{},{},{},{},{},{},{},{},{},{},{},{},{},{},{}]"
67,Geoffry,MacInherney,gmacinherney1u@hibu.com,Male,"[{},{},{},{},{},{},{},{}]","[{},{},{},{},{},{},{},{},{},{},{},{},{},{},{},{},{},{},{},{},{},{},{},{},{},{},{},{},{}]"
68,Lizzy,Yude,lyude1v@pbs.org,Bigender,"[{},{},{},{},{},{},{}]","[{},{},{},{},{},{},{},{},{},{},{},{},{},{},{},{},{},{},{},{},{},{},{},{}]"
69,Skylar,Buncher,sbuncher1w@hexun.com,Male,"[{},{},{},{},{},{}]","[{},{},{},{},{},{},{},{},{},{},{},{},{},{},{},{},{},{},{},{},{},{},{},{},{},{},{},{},{},{},{},{},{},{},{},{},{},{}]"
70,Jessalin,Ladbrooke,jladbrooke1x@mlb.com,Female,"[{},{},{},{},{},{},{}]","[{},{},{},{},{},{},{},{},{},{},{},{},{},{},{},{},{},{},{},{},{},{},{},{},{}]"
71,Leighton,Huzzey,lhuzzey1y@mediafire.com,Male,"[{},{},{},{},{},{},{},{},{},{}]","[{},{},{},{},{},{},{},{},{},{},{},{},{},{},{},{},{},{},{},{},{},{},{},{},{},{},{},{},{},{},{}]"
72,Amity,Taffley,ataffley1z@macromedia.com,Female,"[{},{},{},{},{},{}]","[{},{},{},{},{},{},{},{},{},{},{},{},{},{},{},{},{},{},{},{},{},{},{},{},{},{},{},{},{}]"
73,Lovell,Warmington,lwarmington20@gnu.org,Male,"[{},{},{},{},{}]","[{},{},{},{},{},{},{},{},{},{},{},{},{},{},{},{},{},{},{},{},{},{},{},{},{},{},{},{},{},{},{},{},{},{},{},{},{},{}]"
74,Buddie,Beddis,bbeddis21@networksolutions.com,Polygender,"[{},{},{}]","[{},{},{},{},{},{},{},{},{},{},{},{},{},{},{},{},{},{},{},{},{},{},{},{},{},{},{},{},{}]"
75,Berny,Caff,bcaff22@so-net.ne.jp,Agender,"[{},{},{},{},{},{},{}]","[{},{},{},{},{},{},{},{},{},{},{},{},{},{},{},{},{},{},{},{},{},{},{},{}]"
76,Gavra,Primak,gprimak23@noaa.gov,Female,"[{},{},{},{},{}]","[{},{},{},{},{},{},{},{},{},{},{},{},{},{},{},{},{},{},{},{},{},{},{},{},{},{},{},{},{},{},{},{},{},{},{},{},{}]"
77,Pebrook,Edgar,pedgar24@ow.ly,Male,"[{},{},{},{},{},{}]","[{},{},{},{},{},{},{},{},{},{},{},{},{},{},{},{},{},{},{},{},{},{}]"
78,Mozes,Havik,mhavik25@ted.com,Male,"[{},{}]","[{},{},{},{},{},{},{},{},{},{},{},{},{},{},{},{},{},{},{},{},{},{},{},{},{},{},{},{},{},{},{},{},{},{}]"
79,Sheffield,Lovejoy,slovejoy26@ifeng.com,Male,"[{},{}]","[{},{},{},{},{},{},{},{},{},{},{},{},{},{},{},{},{},{},{},{},{},{},{},{},{},{},{},{},{},{},{},{},{},{},{},{}]"
80,Jorrie,Bamblett,jbamblett27@weather.com,Female,"[{},{},{},{}]","[{},{},{},{},{},{},{},{},{},{},{},{},{},{},{},{},{},{},{},{},{},{},{},{},{},{},{},{},{},{},{},{},{},{},{},{},{}]"
81,Ignaz,Janjic,ijanjic28@sciencedaily.com,Male,"[{},{},{},{},{},{},{},{}]","[{},{},{},{},{},{},{},{},{},{},{},{},{},{},{},{},{},{},{},{},{},{},{},{},{},{},{},{}]"
82,Andrus,Licas,alicas29@lycos.com,Male,"[{},{}]","[{},{},{},{},{},{},{},{},{},{},{},{},{},{},{},{},{},{},{},{},{},{},{},{},{},{},{},{},{},{},{},{},{},{}]"
83,Levi,Stradling,lstradling2a@reuters.com,Male,"[{},{},{},{}]","[{},{},{},{},{},{},{},{},{},{},{},{},{},{},{},{},{},{},{},{},{},{},{},{},{},{},{},{},{},{},{},{}]"
84,Dorine,Brand-Hardy,dbrandhardy2b@disqus.com,Female,"[{},{},{},{},{},{}]","[{},{},{},{},{},{},{},{},{},{},{},{},{},{},{},{},{},{},{},{}]"
85,Allister,Havock,ahavock2c@tmall.com,Male,"[{},{},{},{},{}]","[{},{},{},{},{},{},{},{},{},{},{},{},{},{},{},{},{},{},{},{},{},{},{},{},{},{},{},{},{},{},{},{},{},{}]"
86,Kaye,Sarfatti,ksarfatti2d@digg.com,Female,"[{},{},{},{},{},{},{},{},{}]","[{},{},{},{},{},{},{},{},{},{},{},{},{},{},{},{},{},{},{},{},{},{},{},{},{},{},{},{},{},{},{},{},{},{},{},{},{}]"
87,Karin,Banford,kbanford2e@google.de,Non-binary,"[{},{},{},{},{},{},{}]","[{},{},{},{},{},{},{},{},{},{},{},{},{},{},{},{},{},{},{},{},{},{},{},{},{},{},{},{},{},{},{},{},{},{},{},{},{},{}]"
88,Liana,Chevolleau,lchevolleau2f@pcworld.com,Female,"[{},{},{},{},{},{}]","[{},{},{},{},{},{},{},{},{},{},{},{},{},{},{},{},{},{},{},{},{},{},{},{},{},{},{},{},{},{},{},{},{}]"
89,Pepe,Ivic,pivic2g@wsj.com,Male,"[{},{},{},{}]","[{},{},{},{},{},{},{},{},{},{},{},{},{},{},{},{},{},{},{},{},{},{},{},{},{},{},{},{},{},{}]"
90,Carmel,Geraldi,cgeraldi2h@blogger.com,Female,"[{},{},{},{},{},{},{}]","[{},{},{},{},{},{},{},{},{},{},{},{},{},{},{},{},{},{},{},{},{},{},{},{},{},{},{},{},{},{},{},{},{},{},{},{},{},{}]"
91,Wang,Davitt,wdavitt2i@webs.com,Male,"[{},{}]","[{},{},{},{},{},{},{},{},{},{},{},{},{},{},{},{},{},{},{},{},{},{},{},{},{},{},{},{}]"
92,Nerissa,Hamblington,nhamblington2j@wikispaces.com,Female,"[{},{},{},{},{},{},{},{},{},{}]","[{},{},{},{},{},{},{},{},{},{},{},{},{},{},{},{},{},{},{},{},{},{},{},{},{},{},{},{},{},{},{},{},{},{}]"
93,Stanly,Marc,smarc2k@skyrock.com,Male,"[{},{}]","[{},{},{},{},{},{},{},{},{},{},{},{},{},{},{},{},{},{},{},{}]"
94,Kerwin,Lornsen,klornsen2l@hostgator.com,Male,"[{},{},{}]","[{},{},{},{},{},{},{},{},{},{},{},{},{},{},{},{},{},{},{},{},{},{},{},{},{},{},{},{},{}]"
95,Jere,Been,jbeen2m@buzzfeed.com,Male,"[{},{},{},{},{},{},{},{}]","[{},{},{},{},{},{},{},{},{},{},{},{},{},{},{},{},{},{},{},{}]"
96,Bernette,Abbess,babbess2n@walmart.com,Female,"[{},{}]","[{},{},{},{},{},{},{},{},{},{},{},{},{},{},{},{},{},{},{},{},{},{},{},{},{},{},{},{},{},{},{},{},{},{},{},{},{},{},{}]"
97,Orlan,Duckett,oduckett2o@e-recht24.de,Male,"[{},{},{},{}]","[{},{},{},{},{},{},{},{},{},{},{},{},{},{},{},{},{},{},{},{},{},{},{},{},{}]"
98,Garth,Demongeot,gdemongeot2p@xinhuanet.com,Male,"[{},{},{},{},{},{},{},{},{},{}]","[{},{},{},{},{},{},{},{},{},{},{},{},{},{},{},{},{},{},{},{},{},{},{},{},{},{},{},{},{},{},{},{},{},{}]"
99,Pennie,Jura,pjura2q@senate.gov,Female,"[{},{},{},{}]","[{},{},{},{},{},{},{},{},{},{},{},{},{},{},{},{},{},{},{},{},{},{},{},{},{},{},{},{},{},{},{},{},{},{},{},{},{}]"
100,Nani,Ivanets,nivanets2r@wufoo.com,Non-binary,"[{},{},{},{},{},{},{}]","[{},{},{},{},{},{},{},{},{},{},{},{},{},{},{},{},{},{},{},{},{},{},{},{},{},{}]"
101,Tani,Killbey,tkillbey2s@mail.ru,Female,"[{},{},{},{},{},{},{},{},{},{}]","[{},{},{},{},{},{},{},{},{},{},{},{},{},{},{},{},{},{},{},{},{},{},{},{},{},{},{},{},{},{},{}]"
102,Tedman,Plascott,tplascott2t@time.com,Male,"[{},{},{},{},{},{},{},{}]","[{},{},{},{},{},{},{},{},{},{},{},{},{},{},{},{},{},{},{},{},{},{},{},{},{},{},{},{},{},{},{},{},{},{}]"
103,Ring,Forrest,rforrest2u@ameblo.jp,Male,"[{},{},{},{},{}]","[{},{},{},{},{},{},{},{},{},{},{},{},{},{},{},{},{},{},{},{},{},{},{},{},{},{},{},{},{},{},{},{},{},{},{},{},{},{},{}]"
104,Josh,Toffoletto,jtoffoletto2v@adobe.com,Male,"[{},{}]","[{},{},{},{},{},{},{},{},{},{},{},{},{},{},{},{},{},{},{},{},{},{},{},{},{},{},{},{},{},{}]"
105,Curr,Jaquiss,cjaquiss2w@vinaora.com,Male,"[{},{},{},{},{},{},{}]","[{},{},{},{},{},{},{},{},{},{},{},{},{},{},{},{},{},{},{},{},{},{},{},{},{},{},{},{},{},{},{},{},{},{},{}]"
106,Marcie,Patifield,mpatifield2x@marketwatch.com,Female,"[{},{},{},{}]","[{},{},{},{},{},{},{},{},{},{},{},{},{},{},{},{},{},{},{},{},{},{},{},{},{},{}]"
107,Rube,Burress,rburress2y@mozilla.com,Male,"[{},{},{},{},{}]","[{},{},{},{},{},{},{},{},{},{},{},{},{},{},{},{},{},{},{},{}]"
108,Justen,Rutley,jrutley2z@chronoengine.com,Male,"[{},{},{},{},{},{},{}]","[{},{},{},{},{},{},{},{},{},{},{},{},{},{},{},{},{},{},{},{},{},{},{},{},{},{},{},{},{},{},{},{},{},{},{},{},{},{}]"
109,Noland,Taylor,ntaylor30@illinois.edu,Male,"[{},{},{}]","[{},{},{},{},{},{},{},{},{},{},{},{},{},{},{},{},{},{},{},{},{},{},{},{}]"
110,Murray,de Wilde,mdewilde31@ycombinator.com,Polygender,"[{},{},{},{},{}]","[{},{},{},{},{},{},{},{},{},{},{},{},{},{},{},{},{},{},{},{},{},{},{},{},{},{},{},{},{},{},{},{},{}]"
111,Winny,Oliver-Paull,woliverpaull32@instagram.com,Female,"[{},{},{},{},{}]","[{},{},{},{},{},{},{},{},{},{},{},{},{},{},{},{},{},{},{},{},{},{},{},{},{},{},{},{},{},{},{},{},{},{},{}]"
112,Gerri,Sivier,gsivier33@hp.com,Male,"[{},{},{},{}]","[{},{},{},{},{},{},{},{},{},{},{},{},{},{},{},{},{},{},{},{}]"
113,Darcie,Veljes,dveljes34@amazon.co.uk,Female,"[{},{}]","[{},{},{},{},{},{},{},{},{},{},{},{},{},{},{},{},{},{},{},{},{},{}]"
114,Rudyard,Mattaus,rmattaus35@cdc.gov,Male,"[{},{},{},{},{},{}]","[{},{},{},{},{},{},{},{},{},{},{},{},{},{},{},{},{},{},{},{},{},{},{},{},{},{},{},{},{},{},{},{},{},{}]"
115,Son,Robb,srobb36@mtv.com,Male,"[{},{},{},{}]","[{},{},{},{},{},{},{},{},{},{},{},{},{},{},{},{},{},{},{},{},{},{},{},{},{},{},{},{},{},{},{},{},{},{},{},{},{},{},{},{}]"
116,Venus,Hurdidge,vhurdidge37@ox.ac.uk,Female,"[{},{},{},{},{}]","[{},{},{},{},{},{},{},{},{},{},{},{},{},{},{},{},{},{},{},{},{},{},{},{}]"
117,Bari,Doerr,bdoerr38@last.fm,Female,"[{},{}]","[{},{},{},{},{},{},{},{},{},{},{},{},{},{},{},{},{},{},{},{},{},{},{},{},{},{},{},{},{},{},{},{},{},{},{},{},{},{}]"
118,Hillary,Loughton,hloughton39@multiply.com,Female,"[{},{}]","[{},{},{},{},{},{},{},{},{},{},{},{},{},{},{},{},{},{},{},{},{},{},{},{}]"
119,Michell,Spraggs,mspraggs3a@state.tx.us,Agender,"[{},{}]","[{},{},{},{},{},{},{},{},{},{},{},{},{},{},{},{},{},{},{},{},{},{},{},{},{},{},{},{},{},{},{},{},{},{},{},{},{},{}]"
120,Enrichetta,Blakeston,eblakeston3b@fda.gov,Female,"[{},{},{},{},{}]","[{},{},{},{},{},{},{},{},{},{},{},{},{},{},{},{},{},{},{},{},{},{},{},{},{},{},{},{},{},{},{},{}]"
121,Roselle,Swyer,rswyer3c@is.gd,Bigender,"[{},{},{},{},{},{},{},{},{},{}]","[{},{},{},{},{},{},{},{},{},{},{},{},{},{},{},{},{},{},{},{},{},{},{},{},{},{},{},{},{},{},{},{},{},{},{},{},{},{},{},{}]"
122,Gianna,Hunnybun,ghunnybun3d@europa.eu,Female,"[{},{},{},{},{},{},{},{},{}]","[{},{},{},{},{},{},{},{},{},{},{},{},{},{},{},{},{},{},{},{},{},{},{},{},{},{},{},{},{},{},{},{},{},{}]"
123,Fredericka,Daley,fdaley3e@jiathis.com,Female,"[{},{},{},{},{}]","[{},{},{},{},{},{},{},{},{},{},{},{},{},{},{},{},{},{},{},{},{},{},{},{},{},{},{},{},{},{},{},{},{}]"
124,Patty,Jacks,pjacks3f@sciencedirect.com,Female,"[{},{},{},{},{},{},{}]","[{},{},{},{},{},{},{},{},{},{},{},{},{},{},{},{},{},{},{},{},{},{},{},{},{},{}]"
125,Mathew,Pinkney,mpinkney3g@usnews.com,Male,"[{},{},{}]","[{},{},{},{},{},{},{},{},{},{},{},{},{},{},{},{},{},{},{},{},{},{},{},{},{}]"
126,Alfie,Enrrico,aenrrico3h@theguardian.com,Non-binary,"[{},{},{}]","[{},{},{},{},{},{},{},{},{},{},{},{},{},{},{},{},{},{},{},{},{},{},{},{},{},{},{},{},{},{},{},{},{}]"
127,Humbert,Garlant,hgarlant3i@cdbaby.com,Non-binary,"[{},{},{}]","[{},{},{},{},{},{},{},{},{},{},{},{},{},{},{},{},{},{},{},{},{},{},{},{},{},{},{},{},{},{},{},{},{},{},{},{}]"
128,Thedrick,Shakesby,tshakesby3j@toplist.cz,Male,"[{},{}]","[{},{},{},{},{},{},{},{},{},{},{},{},{},{},{},{},{},{},{},{},{},{}]"
129,Timotheus,Gavey,tgavey3k@tinyurl.com,Agender,"[{},{},{},{}]","[{},{},{},{},{},{},{},{},{},{},{},{},{},{},{},{},{},{},{},{},{},{},{},{}]"
130,Stacy,Maguire,smaguire3l@1688.com,Male,"[{},{},{},{},{},{},{},{},{}]","[{},{},{},{},{},{},{},{},{},{},{},{},{},{},{},{},{},{},{},{},{},{},{},{},{},{},{},{},{},{},{},{},{},{},{},{}]"
131,Kelcie,Hawlgarth,khawlgarth3m@4shared.com,Female,"[{},{},{},{},{},{},{},{},{}]","[{},{},{},{},{},{},{},{},{},{},{},{},{},{},{},{},{},{},{},{},{},{},{},{},{},{},{},{},{},{}]"
132,Rora,Peel,rpeel3n@sakura.ne.jp,Female,"[{},{},{},{},{},{}]","[{},{},{},{},{},{},{},{},{},{},{},{},{},{},{},{},{},{},{},{},{},{},{},{},{},{},{},{},{},{}]"
133,Travers,Attril,tattril3o@gravatar.com,Male,"[{},{},{},{}]","[{},{},{},{},{},{},{},{},{},{},{},{},{},{},{},{},{},{},{},{},{},{},{},{},{},{},{},{},{},{},{},{}]"
134,Hatty,Heake,hheake3p@senate.gov,Female,"[{},{},{},{},{}]","[{},{},{},{},{},{},{},{},{},{},{},{},{},{},{},{},{},{},{},{},{},{},{},{},{},{},{},{},{},{},{},{},{}]"
135,Dennie,Dinesen,ddinesen3q@gnu.org,Non-binary,"[{},{},{},{},{}]","[{},{},{},{},{},{},{},{},{},{},{},{},{},{},{},{},{},{},{},{},{},{},{},{},{},{},{},{}]"
136,Denver,Trowbridge,dtrowbridge3r@e-recht24.de,Male,"[{},{},{},{},{},{}]","[{},{},{},{},{},{},{},{},{},{},{},{},{},{},{},{},{},{},{},{},{},{},{},{},{},{},{},{},{},{},{},{},{},{},{},{},{}]"
137,Konstantine,Bown,kbown3s@live.com,Male,"[{},{},{},{},{},{},{},{}]","[{},{},{},{},{},{},{},{},{},{},{},{},{},{},{},{},{},{},{},{},{},{},{},{},{}]"
138,Willdon,Shortan,wshortan3t@newyorker.com,Male,"[{},{},{},{},{},{}]","[{},{},{},{},{},{},{},{},{},{},{},{},{},{},{},{},{},{},{},{},{},{},{},{},{},{},{},{},{},{},{},{},{},{},{}]"
139,Oby,Nutten,onutten3u@domainmarket.com,Male,"[{},{},{},{},{},{},{}]","[{},{},{},{},{},{},{},{},{},{},{},{},{},{},{},{},{},{},{},{},{},{},{},{},{},{}]"
140,Kalindi,Gonthard,kgonthard3v@about.com,Female,"[{},{},{},{}]","[{},{},{},{},{},{},{},{},{},{},{},{},{},{},{},{},{},{},{},{},{},{},{},{},{},{},{},{}]"
141,Michaeline,McWhorter,mmcwhorter3w@apple.com,Female,"[{},{},{},{},{}]","[{},{},{},{},{},{},{},{},{},{},{},{},{},{},{},{},{},{},{},{},{},{},{},{},{},{},{},{},{},{},{},{},{},{},{},{}]"
142,Patricio,Britzius,pbritzius3x@themeforest.net,Male,"[{},{},{},{},{},{},{},{},{}]","[{},{},{},{},{},{},{},{},{},{},{},{},{},{},{},{},{},{},{},{},{}]"
143,Tanitansy,Bow,tbow3y@edublogs.org,Female,"[{},{},{},{}]","[{},{},{},{},{},{},{},{},{},{},{},{},{},{},{},{},{},{},{},{},{},{},{},{},{},{},{},{},{},{},{},{}]"
144,Florida,Kippins,fkippins3z@msn.com,Female,"[{},{},{},{},{},{}]","[{},{},{},{},{},{},{},{},{},{},{},{},{},{},{},{},{},{},{},{},{},{},{}]"
145,Bentley,Dewing,bdewing40@berkeley.edu,Male,"[{},{},{},{}]","[{},{},{},{},{},{},{},{},{},{},{},{},{},{},{},{},{},{},{},{},{},{},{},{},{},{},{}]"
146,Edgard,Karpol,ekarpol41@mysql.com,Male,"[{},{}]","[{},{},{},{},{},{},{},{},{},{},{},{},{},{},{},{},{},{},{},{},{},{},{},{},{}]"
147,Biddy,Pavluk,bpavluk42@reference.com,Female,"[{},{},{},{},{},{},{},{},{}]","[{},{},{},{},{},{},{},{},{},{},{},{},{},{},{},{},{},{},{},{},{},{},{},{},{},{},{},{},{},{},{},{},{},{},{},{}]"
148,Maure,Charrier,mcharrier43@hao123.com,Female,"[{},{},{}]","[{},{},{},{},{},{},{},{},{},{},{},{},{},{},{},{},{},{},{},{},{},{},{},{},{},{},{},{},{},{}]"
149,Derick,McSorley,dmcsorley44@independent.co.uk,Male,"[{},{},{},{},{},{},{},{},{}]","[{},{},{},{},{},{},{},{},{},{},{},{},{},{},{},{},{},{},{},{},{},{},{},{},{},{},{},{},{},{},{},{},{},{}]"
150,Sheppard,Metson,smetson45@nsw.gov.au,Male,"[{},{},{},{}]","[{},{},{},{},{},{},{},{},{},{},{},{},{},{},{},{},{},{},{},{},{},{},{},{},{},{},{}]"
151,Amerigo,Bewshire,abewshire46@who.int,Male,"[{},{},{},{},{}]","[{},{},{},{},{},{},{},{},{},{},{},{},{},{},{},{},{},{},{},{},{},{},{},{},{},{},{},{}]"
152,Modesty,Colt,mcolt47@scientificamerican.com,Non-binary,"[{},{},{}]","[{},{},{},{},{},{},{},{},{},{},{},{},{},{},{},{},{},{},{},{},{},{},{},{},{},{},{},{},{},{}]"
153,Phylis,Wanderschek,pwanderschek48@digg.com,Female,"[{},{},{},{},{},{},{},{},{}]","[{},{},{},{},{},{},{},{},{},{},{},{},{},{},{},{},{},{},{},{},{},{},{},{},{}]"
154,Genna,Swatman,gswatman49@wordpress.com,Female,"[{},{},{},{},{},{},{}]","[{},{},{},{},{},{},{},{},{},{},{},{},{},{},{},{},{},{},{},{},{},{},{},{},{},{},{},{}]"
155,Lyon,Dixcee,ldixcee4a@prnewswire.com,Male,"[{},{},{},{},{},{},{},{}]","[{},{},{},{},{},{},{},{},{},{},{},{},{},{},{},{},{},{},{},{},{},{},{},{},{},{},{},{},{},{},{},{},{},{},{},{}]"
156,Domenico,McGrill,dmcgrill4b@cdbaby.com,Male,"[{},{},{},{},{},{},{}]","[{},{},{},{},{},{},{},{},{},{},{},{},{},{},{},{},{},{},{},{},{},{},{},{},{},{},{},{},{},{},{}]"
157,Sheppard,Badcock,sbadcock4c@shop-pro.jp,Male,"[{},{},{},{},{},{},{}]","[{},{},{},{},{},{},{},{},{},{},{},{},{},{},{},{},{},{},{},{},{},{},{},{},{},{},{},{}]"
158,Lydon,Goucher,lgoucher4d@google.ca,Male,"[{},{},{}]","[{},{},{},{},{},{},{},{},{},{},{},{},{},{},{},{},{},{},{},{},{},{},{},{},{}]"
159,Saunders,Mapes,smapes4e@twitpic.com,Male,"[{},{},{},{},{},{},{},{},{}]","[{},{},{},{},{},{},{},{},{},{},{},{},{},{},{},{},{},{},{},{},{},{},{},{},{},{},{},{},{},{},{},{}]"
160,Yvonne,Joontjes,yjoontjes4f@baidu.com,Non-binary,"[{},{},{}]","[{},{},{},{},{},{},{},{},{},{},{},{},{},{},{},{},{},{},{},{},{},{},{},{},{},{},{},{},{}]"
161,Nolana,Martins,nmartins4g@hexun.com,Female,"[{},{},{},{},{},{},{}]","[{},{},{},{},{},{},{},{},{},{},{},{},{},{},{},{},{},{},{},{},{},{},{},{},{},{},{},{},{},{},{},{},{},{}]"
162,Jerrylee,Ion,jion4h@360.cn,Genderqueer,"[{},{},{},{},{}]","[{},{},{},{},{},{},{},{},{},{},{},{},{},{},{},{},{},{},{},{},{},{},{},{},{},{},{},{},{},{},{},{},{},{},{},{}]"
163,Shawnee,Simeoli,ssimeoli4i@ftc.gov,Female,"[{},{},{},{},{},{},{}]","[{},{},{},{},{},{},{},{},{},{},{},{},{},{},{},{},{},{},{},{},{},{},{},{}]"
164,Allard,Whybrow,awhybrow4j@php.net,Male,"[{},{},{},{},{},{}]","[{},{},{},{},{},{},{},{},{},{},{},{},{},{},{},{},{},{},{},{},{},{},{},{},{},{},{},{},{},{},{},{},{},{}]"
165,Parnell,Lloyds,plloyds4k@weibo.com,Male,"[{},{},{},{},{},{},{},{},{}]","[{},{},{},{},{},{},{},{},{},{},{},{},{},{},{},{},{},{},{},{},{},{},{},{},{},{},{}]"
166,Dominick,Fallowfield,dfallowfield4l@huffingtonpost.com,Male,"[{},{},{},{}]","[{},{},{},{},{},{},{},{},{},{},{},{},{},{},{},{},{},{},{},{}]"
167,Jackie,Pavlovic,jpavlovic4m@dmoz.org,Genderqueer,"[{},{}]","[{},{},{},{},{},{},{},{},{},{},{},{},{},{},{},{},{},{},{},{},{},{},{},{},{}]"
168,Willabella,O'Fallon,wofallon4n@yolasite.com,Female,"[{},{},{},{}]","[{},{},{},{},{},{},{},{},{},{},{},{},{},{},{},{},{},{},{},{},{},{},{}]"
169,Scotty,Kohnemann,skohnemann4o@cargocollective.com,Male,"[{},{},{},{},{},{},{},{}]","[{},{},{},{},{},{},{},{},{},{},{},{},{},{},{},{},{},{},{},{},{}]"
170,Flore,Schenkel,fschenkel4p@360.cn,Female,"[{},{},{},{},{},{},{},{},{}]","[{},{},{},{},{},{},{},{},{},{},{},{},{},{},{},{},{},{},{},{},{},{},{},{},{},{},{},{},{}]"
171,Nonnah,Honatsch,nhonatsch4q@army.mil,Female,"[{},{},{},{},{},{},{},{},{},{}]","[{},{},{},{},{},{},{},{},{},{},{},{},{},{},{},{},{},{},{},{},{},{},{},{}]"
172,Pepe,Maryman,pmaryman4r@ox.ac.uk,Male,"[{},{},{},{},{},{},{}]","[{},{},{},{},{},{},{},{},{},{},{},{},{},{},{},{},{},{},{},{},{},{},{},{},{},{},{},{},{},{},{},{},{},{},{},{}]"
173,Jorey,Dukes,jdukes4s@odnoklassniki.ru,Female,"[{},{},{},{},{},{},{},{},{}]","[{},{},{},{},{},{},{},{},{},{},{},{},{},{},{},{},{},{},{},{},{},{},{},{},{},{},{},{},{},{},{},{},{},{},{},{},{},{},{}]"
174,Maurice,Stratley,mstratley4t@dailymail.co.uk,Male,"[{},{},{},{}]","[{},{},{},{},{},{},{},{},{},{},{},{},{},{},{},{},{},{},{},{},{},{},{},{},{},{},{},{},{},{},{},{},{},{},{},{},{},{}]"
175,Ayn,Davidman,adavidman4u@businesswire.com,Female,"[{},{}]","[{},{},{},{},{},{},{},{},{},{},{},{},{},{},{},{},{},{},{},{},{},{},{},{},{},{},{},{},{},{},{}]"
176,Constancia,Delooze,cdelooze4v@smugmug.com,Female,"[{},{},{},{},{},{},{},{},{}]","[{},{},{},{},{},{},{},{},{},{},{},{},{},{},{},{},{},{},{},{},{},{},{},{},{},{},{},{},{},{},{},{},{},{},{},{},{},{}]"
177,Kit,Witherington,kwitherington4w@google.pl,Non-binary,"[{},{},{},{},{},{}]","[{},{},{},{},{},{},{},{},{},{},{},{},{},{},{},{},{},{},{},{},{},{},{},{},{},{},{},{}]"
178,Ches,Baglan,cbaglan4x@oaic.gov.au,Male,"[{},{},{},{},{},{}]","[{},{},{},{},{},{},{},{},{},{},{},{},{},{},{},{},{},{},{},{},{},{},{},{},{},{},{},{},{},{}]"
179,Amerigo,Sale,asale4y@geocities.jp,Male,"[{},{},{},{},{}]","[{},{},{},{},{},{},{},{},{},{},{},{},{},{},{},{},{},{},{},{},{},{},{},{}]"
180,Daffy,Perl,dperl4z@nba.com,Female,"[{},{},{},{},{},{},{},{},{},{}]","[{},{},{},{},{},{},{},{},{},{},{},{},{},{},{},{},{},{},{},{}]"
